{"@context":"http://greendelta.github.io/olca-schema/context.jsonld","@type":"UnitGroup","@id":"5beb6eed-33a9-47b8-9ede-1dfe8f679159","name":"Units of items","version":"00.00.001","lastChange":"2018-07-24T15:11:22.457-04:00","category":{"@type":"Category","@id":"00d44049-4768-313c-b2a5-c2d545f8e0ec","name":"Technical unit groups","modelType":"UNIT_GROUP"},"units":[{"@type":"Unit","@id":"3bd6c6c3-bb61-46f3-b19a-c87ac5502bb7","name":"Dozen(s)","description":"Dozen(s) of items","version":"00.00.000","conversionFactor":12.0},{"@type":"Unit","@id":"6dabe201-aaac-4509-92f0-d00c26cb72ab","name":"Item(s)","description":"Number of items","version":"00.00.000","conversionFactor":1.0,"synonyms":["unit","LU","pig place","p"],"referenceUnit":true}],"defaultFlowProperty":{"@type":"FlowProperty","@id":"01846770-4cfe-4a25-8ad9-919d8d378345","name":"Number of items","category":"Technical flow properties"}}