{"@context":"http://greendelta.github.io/olca-schema/context.jsonld","@type":"UnitGroup","@id":"93a60a57-a3c8-11da-a746-0800200c9a66","name":"Units of energy","version":"00.00.001","lastChange":"2018-07-24T15:11:22.471-04:00","category":{"@type":"Category","@id":"00d44049-4768-313c-b2a5-c2d545f8e0ec","name":"Technical unit groups","modelType":"UNIT_GROUP"},"units":[{"@type":"Unit","@id":"57c492e7-d94b-4fcc-98df-cdc4163b754c","name":"TJ","description":"Terajoule","version":"00.00.000","conversionFactor":1000000.0},{"@type":"Unit","@id":"92e3bd49-8ed5-4885-9db6-fc88c7afcfcb","name":"MWh","description":"Megawatt times hour","version":"00.00.000","conversionFactor":3600.0},{"@type":"Unit","@id":"425aff51-b7e5-4561-aa5a-562ec103a79e","name":"TOE","description":"Tonne oil equivalent","version":"00.00.000","conversionFactor":41868.0},{"@type":"Unit","@id":"ff1a332f-967c-4084-8b01-8d3ca81b3121","name":"PJ","description":"PetaJoules","version":"00.00.000","conversionFactor":1.0E9},{"@type":"Unit","@id":"52765a6c-3896-43c2-b2f4-c679acf13efe","name":"MJ","description":"Megajoule","version":"00.00.000","conversionFactor":1.0,"referenceUnit":true},{"@type":"Unit","@id":"469d61f1-3bc4-4841-8adf-873825c1bc11","name":"J","description":"Joule","version":"00.00.000","conversionFactor":1.0E-6},{"@type":"Unit","@id":"fc3604f7-aa93-4aa3-8ae9-8f822874da5f","name":"Wh","description":"Watt times hour","version":"00.00.000","conversionFactor":0.0036},{"@type":"Unit","@id":"86ad2244-1f0e-4912-af53-7865283103e4","name":"kWh","description":"Kilowatt times hour","version":"00.00.000","conversionFactor":3.6},{"@type":"Unit","@id":"f4119718-2d50-47fe-9154-cab6fd2d30eb","name":"kJ","description":"Kilojoule","version":"00.00.000","conversionFactor":0.001},{"@type":"Unit","@id":"010f811e-3cc2-4b14-a901-337da9b3e49c","name":"kcal","description":"Kilocalorie (International table)","version":"00.00.000","conversionFactor":0.00419},{"@type":"Unit","@id":"01e58eb9-0aba-4c76-ba0c-03f6f3be1353","name":"GJ","description":"Gigajoule","version":"00.00.000","conversionFactor":1000.0},{"@type":"Unit","@id":"55244053-94ba-404e-9172-cb279d905e00","name":"btu","description":"British thermal unit (International table)","version":"00.00.000","conversionFactor":0.00106},{"@type":"Unit","@id":"787f2ac9-7bcd-4a91-9fab-55bfe414138f","name":"TCE","description":"Tonne coal equivalent","version":"00.00.000","conversionFactor":29307.6}],"defaultFlowProperty":{"@type":"FlowProperty","@id":"f6811440-ee37-11de-8a39-0800200c9a66","name":"Energy","category":"Technical flow properties"}}