{"@context":"http://greendelta.github.io/olca-schema/context.jsonld","@type":"Source","@id":"9091935f-4c62-88a7-3404-b3de080fb7c1","name":"Commentary on issues in data quality analysis in life cycle assessment","description":"Cooper, J.S., Kahn, E. (2012). Commentary on issues in data quality analysis in life cycle assessment. International Journal of Life Cycle Assessment, 17(4), 499-503.  doi:10.1007/s11367-011-0371-x Retrieved from http://link.springer.com/article/10.1007%2Fs11367-011-0371-x","version":"00.00.001","lastChange":"2018-07-24T15:11:44.313-04:00","category":{"@type":"Category","@id":"750cd105-2489-3255-adfa-f1c2899a8a38","name":"Publications and communications","modelType":"SOURCE"},"textReference":"Cooper, J.S., Kahn, E. (2012) Commentary on issues in data quality analysis in life cycle assessment"}