{"@context":"http://greendelta.github.io/olca-schema/context.jsonld","@type":"Source","@id":"9eacfe2b-2211-1d20-7807-39e354f8e5cf","name":"Parameterization in Life Cycle Assessment Inventory Data: review of current use and the representation of uncertainty","description":"Cooper, J.S., Noon, M., Kahn, E.  (2012). Parameterization in Life Cycle Assessment Inventory Data: review of current use and the representation of uncertainty. International Journal of Life Cycle Assessment, 17(6), 689-695.  doi:10.1007/s11367-012-0411-1 Retrieved from http://link.springer.com/content/pdf/10.1007/s11367-012-0411-1.pdf","version":"00.00.001","lastChange":"2018-07-24T15:11:44.311-04:00","category":{"@type":"Category","@id":"750cd105-2489-3255-adfa-f1c2899a8a38","name":"Publications and communications","modelType":"SOURCE"},"textReference":"Cooper, J.S., Noon, M., Kahn, E.  (2012) Parameterization in Life Cycle Assessment Inventory Data: review of current use and the representation of uncertainty"}