{"@context":"http://greendelta.github.io/olca-schema/context.jsonld","@type":"Process","@id":"0615a03c-cb17-ddbb-b240-34791407d5c3","name":"work; ag. tractors for growing win wheat, 2014 fleet, all fuels; 100-175HP","description":"\nThis unit process/ gate-to-gate dataset represents the production of 1 MJ of work by 100-175HP ag. tractors operating in 2014 in Kansas (US State).  Multiple fuels are used (Gasoline, Diesel).  The process technologies represented are an aggregation of the exhaust technologies and control technologies over multiple model years as described in the USEPA\u0027s NONROAD model documentation (available at http://www.epa.gov/otaq/nonrdmdl.htm). Applicable classifications include ISIC 0161, NAIC 115110, UNSPSC 25101901. This dataset was prepared in ILCD format using the UWDFE Lab Excel to ILCD File Generator (gamma version, March 2014).\n","version":"00.00.001","lastChange":"2018-07-24T15:11:27.934-04:00","category":{"@type":"Category","@id":"cd4c5b44-4435-3422-bbe6-4f0bf9e719b1","name":"ISIC 0161: Support activities for crop production","modelType":"PROCESS","category":{"@type":"Category","@id":"b08a4bca-d277-36ae-a06b-131ee3404834","name":"Agriculture, forestry and fishing","modelType":"PROCESS"}},"processType":"UNIT_PROCESS","location":{"@type":"Location","@id":"d9c55cbc-3e12-3ff1-9370-bdfebddccd5f","name":"US-KS"},"processDocumentation":{"@type":"ProcessDocumentation","timeDescription":"Start and end dates match the equipment operating year.","technologyDescription":"The process technologies represent the exhaust and evaporative technologies over multiple model years as described in the USEPA\u0027s NONROAD model documentation (available at http://www.epa.gov/otaq/nonrdmdl.htm). The minimum, average, and maximum operating temperatures are 11, 16, and 21 degrees C respectively, reflecting the temperatures during the growing season for win wheat in Kansas .  Included processes are fuel transport, consumption, and combustion; lubricant transport, use, and waste management; equipment and spare part set production; equipment retirement; and equipment storage.","dataCollectionDescription":"Unit process data were compiled in 2013 based on the USEPA\u0027s NONROAD model version 2008a, available at http://www.epa.gov/otaq/nonrdmdl.htm.","completenessDescription":"Fluids other than fuel and lubricating oil (e.g., refrigerants, transmission fluids) have not been accounted.  Also, further disaggregation of air emissions is possible, but has been left for future work. Although an overall mass balance is not achieved, the carbon in the fuel and lubricating oil is balanced to relevant air emissions.  An overall mass balance is not achieved because the emissions estimates based on the National Mobile Inventory Model (NMIM) are based on aggregated groups of constituents (e.g., Total Organic Gases, Non Methane Volatile Organic Compounds (NMVOCs)) that combine fuel and lubricating oil constituents with the air consumed during combustion. For these groups, the specific emissions identified in NMIM are only a portion of the basis (i.e., the breakdown of NMVOCs does not equal all of the NMVOCs).","dataSelectionDescription":"Intermediate flow data sources: Cutoff flows represent the life cycles of fuel and lubricant production; equipment production, spare parts, storage, and retirement; and local area trucking.","reviewDetails":"The review panel convened during March of 2013 and January of 2014 to review data preparation methods. The panel members were Troy Hawkins (National Risk Management Research Laboratory, USEPA), Alberta Carpenter (National Renewable Energy Laboratory, USDOE), Thomas Transue (Lockheed Martin Information Technology), Wes Ingwersen (National Risk Management Research Laboratory, USEPA), and Harvey Michaels (Office of Transportation and Air Quality, USEPA).","dataTreatmentDescription":"Data treatment is described in, Cooper et. al. “Unit process data for agricultural self-propelled equipment” University of Washington Design for Environment Laboratory, March 2014. https://data.nal.usda.gov/dataset/unit-process-data-agricultural-self-propelled-equipment. Flow data quality is presented according to the LCA Commons convention as described in Cooper, J.S., E. Kahn, Commentary on issues in data quality analysis in life cycle assessment. International Journal of Life Cycle Assessment 17(4) 499-503 (2012).","samplingDescription":"Boundary conditions are defined to represent equipment operation, maintenance, production, storage, and retirement based on the expected equipment lives and annual use rates in the NONROAD documentation. Representations of uncertainty are not included in aggregate fleet datasets but can be added to cover fuel carbon mass fraction, fuel consumption, and CO2 emissions; load factors; fuel sulfur and ethanol contents; air emissions and waste management; and fuel and lubricant transport as described in Cooper et. al “Unit process data for agricultural self-propelled equipment” University of Washington Design for Environment Laboratory, March 2013. https://data.nal.usda.gov/dataset/unit-process-data-agricultural-self-propelled-equipment ","restrictionsDescription":"Please attribute the use of these data to the \"Data Owner\" and the Life Cycle Assessment Commons, National Agricultural Library.  These LCA Commons data (Data) are provided by the National Agricultural Library (NAL), part of the Agricultural Research Service (ARS), U.S. Department of Agriculture (USDA). The United States Government (the Government) retains and the user acknowledges that the Government retains a non-exclusive, paid-up, irrevocable, worldwide license to publish or reproduce the published form of these data, or allow others to do so, for Government purposes. Access to and use of these Data shall impose the following obligations on the user, as set forth in this Agreement. The user is granted the right to use these Data under the terms of the Creative Commons CC0 1.0 Universal Public Domain Dedication (see Creative Commons CC0 1.0 Universals full legal code). The names USDA/ARS/NAL may not be used in any advertising or publicity to endorse or promote any products or commercial entities unless specific written permission is obtained from USDA/ARS/NAL. The user also understands that USDA/ARS/NAL is not obligated to provide the user with any support, consulting, training or assistance of any kind with regard to the use of these Data or to provide the user with any updates, revisions or new versions of these Data. YOU AGREE TO INDEMNIFY THE GOVERNMENT AND USDA/ARS/NAL, AND ITS CONTRIBUTORS, SUBSIDIARIES, AFFILIATES, OFFICERS, AGENTS, AND EMPLOYEES AGAINST ANY CLAIM OR DEMAND, INCLUDING REASONABLE ATTORNEY FEES, RELATED TO YOUR USE OF THESE DATA. THESE DATA ARE PROVIDED BY USDA/ARS/NAL AND ITS CONTRIBUTORS AS-IS AND ANY EXPRESS OR IMPLIED WARRANTIES, INCLUDING BUT NOT LIMITED TO, THE IMPLIED WARRANTIES OF MERCHANTABILITY AND FITNESS FOR A PARTICULAR PURPOSE ARE DISCLAIMED. IN NO EVENT SHALL THE GOVERNMENT OR USDA/ARS/NAL OR ITS CONTRIBUTORS BE LIABLE FOR ANY SPECIAL, INDIRECT OR CONSEQUENTIAL DAMAGES OR ANY DAMAGES WHATSOEVER, INCLUDING BUT NOT LIMITED TO CLAIMS ASSOCIATED WITH THE LOSS OF DATA OR PROFITS, WHICH MAY RESULT FROM AN ACTION IN CONTRACT, NEGLIGENCE OR OTHER TORTIOUS CLAIM THAT ARISES OUT OF OR IN CONNECTION WITH THE ACCESS, USE OR PERFORMANCE OF THESE DATA.\n","validFrom":"2014-01-01-05:00","validUntil":"2014-12-31-05:00","creationDate":"2016-07-07","intendedApplication":"These data were developed as a part of a crop production product system, for use in \"Accounting\" and \"Micro-level decision support,\" situations C2 and A as described in European Commission - Joint Research Centre - Institute for Environment and Sustainablility: International Reference Life Cycle Data System (ILCD) Handbook - General guide for Life Cycle Assessment - Detailed Guidance. First edition March 2010. EUR 24708 EN. Luxembourg. Publications Office of the European Union; 2010.","projectDescription":"Data were prepared by the University of Washington Design for Environment Laboratory for the United States Department of Agriculture National Agricultural Library under cooperative agreement number 58-8201-0-149.","geographyDescription":"The unit process is assumed to represent operation in Kansas (US State).","reviewer":{"@type":"Actor","@id":"e8e4e5b0-b909-cfe7-6053-a79413131711","name":"LCA Commons Agricultural Equipment Peer Review Panel"},"dataDocumentor":{"@type":"Actor","@id":"24a9e595-cba9-308f-8191-78737c61fc1d","name":"Joyce Cooper"},"dataGenerator":{"@type":"Actor","@id":"24a9e595-cba9-308f-8191-78737c61fc1d","name":"Joyce Cooper"},"dataSetOwner":{"@type":"Actor","@id":"0631dcf9-ed32-499b-a5d1-ebb5004c29b9","name":"University of Washington Design for Environment Laboratory"},"sources":[{"@type":"Source","@id":"93bb04bf-65cd-9ec2-f1cc-ccf3f1ad6ca8","name":"Unit process data for agricultural self-propelled equipment version 1"},{"@type":"Source","@id":"9091935f-4c62-88a7-3404-b3de080fb7c1","name":"Commentary on issues in data quality analysis in life cycle assessment","category":"Publications and communications"},{"@type":"Source","@id":"9eacfe2b-2211-1d20-7807-39e354f8e5cf","name":"Parameterization in Life Cycle Assessment Inventory Data: review of current use and the representation of uncertainty","category":"Publications and communications"}],"copyright":false},"exchangeDqSystem":{"@type":"DQSystem","@id":"e7ac7cf6-5457-453e-99f9-d889826fffe8","name":"ecoinvent data quality system"},"exchanges":[{"@type":"Exchange","baseUncertainty":0.0,"amount":1.0,"internalId":1,"flow":{"@type":"Flow","@id":"fca10ec1-f0cf-37fb-b01e-07752f6119f1","name":"work; ag. tractors for growing win wheat, 2014 fleet, all fuels; 100-175HP","flowType":"PRODUCT_FLOW","category":"Agriculture, forestry and fishing/ISIC 0161: Support activities for crop production"},"unit":{"@type":"Unit","@id":"52765a6c-3896-43c2-b2f4-c679acf13efe","name":"MJ"},"flowProperty":{"@type":"FlowProperty","@id":"f6811440-ee37-11de-8a39-0800200c9a66","name":"Energy","category":"Technical flow properties"},"avoidedProduct":false,"input":false,"quantitativeReference":true},{"@type":"Exchange","baseUncertainty":0.0,"amount":2.96630166295844E-6,"dqEntry":"USDA LCADC data quality \u003d (A,B,B,A,B,A,B,B)","internalId":18,"flow":{"@type":"Flow","@id":"5e9cb499-a5ea-94af-e292-34652d5c19f1","name":"Secondary Organic Aerosol","flowType":"ELEMENTARY_FLOW","category":"Elementary flows - US EPA NONROAD emissions/air/low population density"},"unit":{"@type":"Unit","@id":"20aadc24-a391-41cf-b340-3e4529f44bde","name":"kg"},"flowProperty":{"@type":"FlowProperty","@id":"93a60a56-a3c8-11da-a746-0800200b9a66","name":"Mass","category":"Technical flow properties"},"avoidedProduct":false,"input":false},{"@type":"Exchange","baseUncertainty":0.0,"amount":7.58422165888563E-7,"dqEntry":"USDA LCADC data quality \u003d (A,B,B,A,A,A,B,B)","internalId":64,"flow":{"@type":"Flow","@id":"e8fc62ba-678e-4706-97d2-b79d83e227d5","name":"Nickel","flowType":"ELEMENTARY_FLOW","category":"Elementary flows/Emission to air/low population density"},"unit":{"@type":"Unit","@id":"20aadc24-a391-41cf-b340-3e4529f44bde","name":"kg"},"flowProperty":{"@type":"FlowProperty","@id":"93a60a56-a3c8-11da-a746-0800200b9a66","name":"Mass","category":"Technical flow properties"},"avoidedProduct":false,"input":false},{"@type":"Exchange","baseUncertainty":0.0,"amount":6.64227157992707E-6,"dqEntry":"USDA LCADC data quality \u003d (A,B,B,A,A,A,B,B)","internalId":34,"flow":{"@type":"Flow","@id":"fc9f9a81-c4b9-4dce-bc20-9f04e05ca2f1","name":"Acetaldehyde","flowType":"ELEMENTARY_FLOW","category":"Elementary flows/Emission to air/low population density"},"unit":{"@type":"Unit","@id":"20aadc24-a391-41cf-b340-3e4529f44bde","name":"kg"},"flowProperty":{"@type":"FlowProperty","@id":"93a60a56-a3c8-11da-a746-0800200b9a66","name":"Mass","category":"Technical flow properties"},"avoidedProduct":false,"input":false},{"@type":"Exchange","baseUncertainty":0.0,"amount":9.47284599915753E-9,"dqEntry":"USDA LCADC data quality \u003d (A,B,B,A,A,A,B,B)","internalId":58,"flow":{"@type":"Flow","@id":"ae1791b5-85ce-481a-9091-75c4b3f51d2c","name":"Acenaphthylene","flowType":"ELEMENTARY_FLOW","category":"Elementary flows/Emission to air/low population density"},"unit":{"@type":"Unit","@id":"20aadc24-a391-41cf-b340-3e4529f44bde","name":"kg"},"flowProperty":{"@type":"FlowProperty","@id":"93a60a56-a3c8-11da-a746-0800200b9a66","name":"Mass","category":"Technical flow properties"},"avoidedProduct":false,"input":false},{"@type":"Exchange","baseUncertainty":0.0,"amount":1.33061709431064E-6,"dqEntry":"USDA LCADC data quality \u003d (A,B,B,A,A,A,B,B)","internalId":24,"flow":{"@type":"Flow","@id":"a1d277aa-7aea-4b5e-8aa9-2789ba8ff333","name":"Xylene","flowType":"ELEMENTARY_FLOW","category":"Elementary flows/Emission to air/low population density"},"unit":{"@type":"Unit","@id":"20aadc24-a391-41cf-b340-3e4529f44bde","name":"kg"},"flowProperty":{"@type":"FlowProperty","@id":"93a60a56-a3c8-11da-a746-0800200b9a66","name":"Mass","category":"Technical flow properties"},"avoidedProduct":false,"input":false},{"@type":"Exchange","baseUncertainty":0.0,"amount":6.37210218815372E-12,"dqEntry":"USDA LCADC data quality \u003d (A,B,B,A,A,A,B,B)","internalId":25,"flow":{"@type":"Flow","@id":"d668bf42-fd37-3a11-9252-9b9b48d00c59","name":"1,2,3,7,8-Pentachlorodibenzo-p-Dioxin","flowType":"ELEMENTARY_FLOW","category":"Elementary flows - US EPA NONROAD emissions/air/low population density"},"unit":{"@type":"Unit","@id":"20aadc24-a391-41cf-b340-3e4529f44bde","name":"kg"},"flowProperty":{"@type":"FlowProperty","@id":"93a60a56-a3c8-11da-a746-0800200b9a66","name":"Mass","category":"Technical flow properties"},"avoidedProduct":false,"input":false},{"@type":"Exchange","baseUncertainty":0.0,"amount":9.23507357641108E-8,"dqEntry":"USDA LCADC data quality \u003d (A,B,B,A,A,A,B,B)","internalId":53,"flow":{"@type":"Flow","@id":"716e3af1-547d-f9bf-d840-f6dfc3660afa","name":"2,2,4-Trimethylpentane","flowType":"ELEMENTARY_FLOW","category":"Elementary flows - US EPA NONROAD emissions/air/low population density"},"unit":{"@type":"Unit","@id":"20aadc24-a391-41cf-b340-3e4529f44bde","name":"kg"},"flowProperty":{"@type":"FlowProperty","@id":"93a60a56-a3c8-11da-a746-0800200b9a66","name":"Mass","category":"Technical flow properties"},"avoidedProduct":false,"input":false},{"@type":"Exchange","baseUncertainty":0.0,"amount":2.00348332754434E-7,"dqEntry":"USDA LCADC data quality \u003d (A,B,B,A,A,A,B,B)","internalId":31,"flow":{"@type":"Flow","@id":"41067ac7-bf36-47ef-a19f-683d9b758a28","name":"Hexane","flowType":"ELEMENTARY_FLOW","category":"Elementary flows/Emission to air/low population density"},"unit":{"@type":"Unit","@id":"20aadc24-a391-41cf-b340-3e4529f44bde","name":"kg"},"flowProperty":{"@type":"FlowProperty","@id":"93a60a56-a3c8-11da-a746-0800200b9a66","name":"Mass","category":"Technical flow properties"},"avoidedProduct":false,"input":false},{"@type":"Exchange","baseUncertainty":0.0,"amount":3.3740415267607E-6,"dqEntry":"USDA LCADC data quality \u003d (A,B,B,A,B,A,B,B)","internalId":56,"flow":{"@type":"Flow","@id":"295c9740-6fdb-4676-9eb8-15e3786f713d","name":"Particulates, \u003e 2.5 um, and \u003c 10um","flowType":"ELEMENTARY_FLOW","category":"Elementary flows/Emission to air/low population density"},"unit":{"@type":"Unit","@id":"20aadc24-a391-41cf-b340-3e4529f44bde","name":"kg"},"flowProperty":{"@type":"FlowProperty","@id":"93a60a56-a3c8-11da-a746-0800200b9a66","name":"Mass","category":"Technical flow properties"},"avoidedProduct":false,"input":false},{"@type":"Exchange","baseUncertainty":0.0,"amount":1.91762285632168E-9,"dqEntry":"USDA LCADC data quality \u003d (A,B,B,A,A,A,B,B)","internalId":6,"flow":{"@type":"Flow","@id":"d1548388-ce45-4a78-ac65-e096c1da1f8e","name":"Fluoranthene","flowType":"ELEMENTARY_FLOW","category":"Elementary flows/Emission to air/low population density"},"unit":{"@type":"Unit","@id":"20aadc24-a391-41cf-b340-3e4529f44bde","name":"kg"},"flowProperty":{"@type":"FlowProperty","@id":"93a60a56-a3c8-11da-a746-0800200b9a66","name":"Mass","category":"Technical flow properties"},"avoidedProduct":false,"input":false},{"@type":"Exchange","baseUncertainty":0.0,"amount":4.07350945682683E-9,"dqEntry":"USDA LCADC data quality \u003d (A,B,B,A,A,A,B,B)","internalId":42,"flow":{"@type":"Flow","@id":"03b279a7-4626-4703-a451-d0650599dbd9","name":"Chromium VI","flowType":"ELEMENTARY_FLOW","category":"Elementary flows/Emission to air/low population density"},"unit":{"@type":"Unit","@id":"20aadc24-a391-41cf-b340-3e4529f44bde","name":"kg"},"flowProperty":{"@type":"FlowProperty","@id":"93a60a56-a3c8-11da-a746-0800200b9a66","name":"Mass","category":"Technical flow properties"},"avoidedProduct":false,"input":false},{"@type":"Exchange","baseUncertainty":0.0,"amount":3.2299740469211E-11,"dqEntry":"USDA LCADC data quality \u003d (A,B,B,A,A,A,B,B)","internalId":66,"flow":{"@type":"Flow","@id":"8c76d00e-910a-6b0f-de69-0d1b13732a9e","name":"1,2,3,7,8,9-Hexachlorodibenzo-p-Dioxin","flowType":"ELEMENTARY_FLOW","category":"Elementary flows - US EPA NONROAD emissions/air/low population density"},"unit":{"@type":"Unit","@id":"20aadc24-a391-41cf-b340-3e4529f44bde","name":"kg"},"flowProperty":{"@type":"FlowProperty","@id":"93a60a56-a3c8-11da-a746-0800200b9a66","name":"Mass","category":"Technical flow properties"},"avoidedProduct":false,"input":false},{"@type":"Exchange","baseUncertainty":0.0,"amount":5.02487495673317E-6,"dqEntry":"USDA LCADC data quality \u003d (A,B,B,A,A,A,B,B)","internalId":41,"flow":{"@type":"Flow","@id":"afd6d670-bbb0-4625-9730-04088a5b035e","name":"Dinitrogen monoxide","flowType":"ELEMENTARY_FLOW","category":"Elementary flows/Emission to air/low population density"},"unit":{"@type":"Unit","@id":"20aadc24-a391-41cf-b340-3e4529f44bde","name":"kg"},"flowProperty":{"@type":"FlowProperty","@id":"93a60a56-a3c8-11da-a746-0800200b9a66","name":"Mass","category":"Technical flow properties"},"avoidedProduct":false,"input":false},{"@type":"Exchange","baseUncertainty":0.0,"amount":3.34232149479789E-10,"dqEntry":"USDA LCADC data quality \u003d (A,B,B,A,A,A,B,B)","internalId":73,"flow":{"@type":"Flow","@id":"14ede4f0-be68-4933-b84b-b4dc90f73fff","name":"Pyrene","flowType":"ELEMENTARY_FLOW","category":"Elementary flows/Emission to air/low population density"},"unit":{"@type":"Unit","@id":"20aadc24-a391-41cf-b340-3e4529f44bde","name":"kg"},"flowProperty":{"@type":"FlowProperty","@id":"93a60a56-a3c8-11da-a746-0800200b9a66","name":"Mass","category":"Technical flow properties"},"avoidedProduct":false,"input":false},{"@type":"Exchange","baseUncertainty":0.0,"amount":1.27280369693345E-4,"dqEntry":"USDA LCADC data quality \u003d (A,B,B,A,B,A,B,B)","internalId":68,"flow":{"@type":"Flow","@id":"adc5dd9c-d1e1-fab5-39db-ff1128752591","name":"Total Organic Gases","flowType":"ELEMENTARY_FLOW","category":"Elementary flows - US EPA NONROAD emissions/air/low population density"},"unit":{"@type":"Unit","@id":"20aadc24-a391-41cf-b340-3e4529f44bde","name":"kg"},"flowProperty":{"@type":"FlowProperty","@id":"93a60a56-a3c8-11da-a746-0800200b9a66","name":"Mass","category":"Technical flow properties"},"avoidedProduct":false,"input":false},{"@type":"Exchange","baseUncertainty":0.0,"amount":2.60510974700815E-5,"dqEntry":"USDA LCADC data quality \u003d (A,B,B,A,A,A,B,B)","internalId":33,"flow":{"@type":"Flow","@id":"521a9dab-8ec8-f266-f0b7-c82e9fb85bfe","name":"CUTOFF lubricating oil management; at farm","flowType":"PRODUCT_FLOW","category":"Manufacturing/ISIC 1920: Manufacture of refined petroleum products"},"unit":{"@type":"Unit","@id":"20aadc24-a391-41cf-b340-3e4529f44bde","name":"kg"},"flowProperty":{"@type":"FlowProperty","@id":"93a60a56-a3c8-11da-a746-0800200b9a66","name":"Mass","category":"Technical flow properties"},"avoidedProduct":false,"input":true},{"@type":"Exchange","baseUncertainty":0.0,"amount":2.10937527157416E-10,"dqEntry":"USDA LCADC data quality \u003d (A,B,B,A,A,A,B,B)","internalId":36,"flow":{"@type":"Flow","@id":"f115da0a-f2e5-b5bc-a0b7-0e8dd1651c11","name":"1,2,3,4,6,7,8-Heptachlorodibenzo-p-Dioxin","flowType":"ELEMENTARY_FLOW","category":"Elementary flows - US EPA NONROAD emissions/air/low population density"},"unit":{"@type":"Unit","@id":"20aadc24-a391-41cf-b340-3e4529f44bde","name":"kg"},"flowProperty":{"@type":"FlowProperty","@id":"93a60a56-a3c8-11da-a746-0800200b9a66","name":"Mass","category":"Technical flow properties"},"avoidedProduct":false,"input":false},{"@type":"Exchange","baseUncertainty":0.0,"amount":5.58871190817657E-11,"dqEntry":"USDA LCADC data quality \u003d (A,B,B,A,A,A,B,B)","internalId":45,"flow":{"@type":"Flow","@id":"4480e7c7-93ce-b49f-36a9-799b631daf55","name":"Benzo(b)fluoranthene","flowType":"ELEMENTARY_FLOW","category":"Elementary flows - US EPA NONROAD emissions/air/low population density"},"unit":{"@type":"Unit","@id":"20aadc24-a391-41cf-b340-3e4529f44bde","name":"kg"},"flowProperty":{"@type":"FlowProperty","@id":"93a60a56-a3c8-11da-a746-0800200b9a66","name":"Mass","category":"Technical flow properties"},"avoidedProduct":false,"input":false},{"@type":"Exchange","baseUncertainty":0.0,"amount":2.30693386117052E-11,"dqEntry":"USDA LCADC data quality \u003d (A,B,B,A,A,A,B,B)","internalId":4,"flow":{"@type":"Flow","@id":"4150cf78-ef2b-2045-896d-0f5ac9529b95","name":"Benzo(g,h,i)perylene","flowType":"ELEMENTARY_FLOW","category":"Elementary flows - US EPA NONROAD emissions/air/low population density"},"unit":{"@type":"Unit","@id":"20aadc24-a391-41cf-b340-3e4529f44bde","name":"kg"},"flowProperty":{"@type":"FlowProperty","@id":"93a60a56-a3c8-11da-a746-0800200b9a66","name":"Mass","category":"Technical flow properties"},"avoidedProduct":false,"input":false},{"@type":"Exchange","baseUncertainty":0.0,"amount":1.25248361320425E-4,"dqEntry":"USDA LCADC data quality \u003d (A,B,B,A,B,A,B,B)","internalId":5,"flow":{"@type":"Flow","@id":"33b38ccb-593b-4b11-b965-10d747ba3556","name":"NMVOC, non-methane volatile organic compounds, unspecified origin","flowType":"ELEMENTARY_FLOW","category":"Elementary flows/Emission to air/low population density"},"unit":{"@type":"Unit","@id":"20aadc24-a391-41cf-b340-3e4529f44bde","name":"kg"},"flowProperty":{"@type":"FlowProperty","@id":"93a60a56-a3c8-11da-a746-0800200b9a66","name":"Mass","category":"Technical flow properties"},"avoidedProduct":false,"input":false},{"@type":"Exchange","baseUncertainty":0.0,"amount":8.08810855147342E-7,"dqEntry":"USDA LCADC data quality \u003d (A,B,B,A,A,A,B,B)","internalId":30,"flow":{"@type":"Flow","@id":"2c3a0a84-bf70-2c2a-896a-2eba9aa3a5b3","name":"CUTOFF spare part set; ag. tractors; 100-175HP","flowType":"PRODUCT_FLOW","category":"Agriculture, forestry and fishing/ISIC 0161: Support activities for crop production"},"unit":{"@type":"Unit","@id":"6dabe201-aaac-4509-92f0-d00c26cb72ab","name":"Item(s)"},"flowProperty":{"@type":"FlowProperty","@id":"01846770-4cfe-4a25-8ad9-919d8d378345","name":"Number of items","category":"Technical flow properties"},"avoidedProduct":false,"input":true},{"@type":"Exchange","baseUncertainty":0.0,"amount":9.74491595598279E-10,"dqEntry":"USDA LCADC data quality \u003d (A,B,B,A,A,A,B,B)","internalId":67,"flow":{"@type":"Flow","@id":"411bd4fd-a7ae-907a-e077-689b7606ae2a","name":"Octachlorodibenzo-p-dioxin","flowType":"ELEMENTARY_FLOW","category":"Elementary flows - US EPA NONROAD emissions/air/low population density"},"unit":{"@type":"Unit","@id":"20aadc24-a391-41cf-b340-3e4529f44bde","name":"kg"},"flowProperty":{"@type":"FlowProperty","@id":"93a60a56-a3c8-11da-a746-0800200b9a66","name":"Mass","category":"Technical flow properties"},"avoidedProduct":false,"input":false},{"@type":"Exchange","baseUncertainty":0.0,"amount":8.08810855147342E-7,"dqEntry":"USDA LCADC data quality \u003d (A,B,B,A,A,A,B,B)","internalId":74,"flow":{"@type":"Flow","@id":"0dedf221-1991-9b68-b3b8-6774219e8bb2","name":"CUTOFF production; ag. tractors; 100-175HP","flowType":"PRODUCT_FLOW","category":"Agriculture, forestry and fishing/ISIC 0161: Support activities for crop production"},"unit":{"@type":"Unit","@id":"6dabe201-aaac-4509-92f0-d00c26cb72ab","name":"Item(s)"},"flowProperty":{"@type":"FlowProperty","@id":"01846770-4cfe-4a25-8ad9-919d8d378345","name":"Number of items","category":"Technical flow properties"},"avoidedProduct":false,"input":true},{"@type":"Exchange","baseUncertainty":0.0,"amount":3.78754685366423E-6,"dqEntry":"USDA LCADC data quality \u003d (A,B,B,A,A,A,B,B)","internalId":60,"flow":{"@type":"Flow","@id":"d6235194-e4e6-4548-bfa3-ac095131aef4","name":"Carbon dioxide, biogenic","flowType":"ELEMENTARY_FLOW","category":"Elementary flows/Emission to air/low population density"},"unit":{"@type":"Unit","@id":"20aadc24-a391-41cf-b340-3e4529f44bde","name":"kg"},"flowProperty":{"@type":"FlowProperty","@id":"93a60a56-a3c8-11da-a746-0800200b9a66","name":"Mass","category":"Technical flow properties"},"avoidedProduct":false,"input":false},{"@type":"Exchange","baseUncertainty":0.0,"amount":7.90740988513536E-9,"dqEntry":"USDA LCADC data quality \u003d (A,B,B,A,A,A,B,B)","internalId":52,"flow":{"@type":"Flow","@id":"d43572af-d023-443b-9fad-d56ffc0adc53","name":"Chromium, ion","flowType":"ELEMENTARY_FLOW","category":"Elementary flows/Emission to air/low population density"},"unit":{"@type":"Unit","@id":"20aadc24-a391-41cf-b340-3e4529f44bde","name":"kg"},"flowProperty":{"@type":"FlowProperty","@id":"93a60a56-a3c8-11da-a746-0800200b9a66","name":"Mass","category":"Technical flow properties"},"avoidedProduct":false,"input":false},{"@type":"Exchange","baseUncertainty":0.0,"amount":1.25368276478056E-4,"dqEntry":"USDA LCADC data quality \u003d (A,B,B,A,B,A,B,B)","internalId":23,"flow":{"@type":"Flow","@id":"1e95101a-d96f-cfa1-da1a-82a662e49203","name":"Non-Methane Organic Gases","flowType":"ELEMENTARY_FLOW","category":"Elementary flows - US EPA NONROAD emissions/air/low population density"},"unit":{"@type":"Unit","@id":"20aadc24-a391-41cf-b340-3e4529f44bde","name":"kg"},"flowProperty":{"@type":"FlowProperty","@id":"93a60a56-a3c8-11da-a746-0800200b9a66","name":"Mass","category":"Technical flow properties"},"avoidedProduct":false,"input":false},{"@type":"Exchange","baseUncertainty":0.0,"amount":7.51466655584086E-12,"dqEntry":"USDA LCADC data quality \u003d (A,B,B,A,A,A,B,B)","internalId":59,"flow":{"@type":"Flow","@id":"09abeb04-1599-47a4-37b9-5aa75dc40c0e","name":"1,2,3,7,8,9-Hexachlorodibenzofuran","flowType":"ELEMENTARY_FLOW","category":"Elementary flows - US EPA NONROAD emissions/air/low population density"},"unit":{"@type":"Unit","@id":"20aadc24-a391-41cf-b340-3e4529f44bde","name":"kg"},"flowProperty":{"@type":"FlowProperty","@id":"93a60a56-a3c8-11da-a746-0800200b9a66","name":"Mass","category":"Technical flow properties"},"avoidedProduct":false,"input":false},{"@type":"Exchange","baseUncertainty":0.0,"amount":2.35304990748496E-9,"dqEntry":"USDA LCADC data quality \u003d (A,B,B,A,A,A,B,B)","internalId":75,"flow":{"@type":"Flow","@id":"5ec9c16a-959d-44cd-be7d-a935727d2151","name":"Mercury","flowType":"ELEMENTARY_FLOW","category":"Elementary flows/Emission to air/low population density"},"unit":{"@type":"Unit","@id":"20aadc24-a391-41cf-b340-3e4529f44bde","name":"kg"},"flowProperty":{"@type":"FlowProperty","@id":"93a60a56-a3c8-11da-a746-0800200b9a66","name":"Mass","category":"Technical flow properties"},"avoidedProduct":false,"input":false},{"@type":"Exchange","baseUncertainty":0.0,"amount":1.47662046945286E-6,"dqEntry":"USDA LCADC data quality \u003d (A,B,B,A,A,A,B,B)","internalId":62,"flow":{"@type":"Flow","@id":"963be8ca-e43d-4f8d-a97b-d8982035ffbc","name":"Propanal","flowType":"ELEMENTARY_FLOW","category":"Elementary flows/Emission to air/low population density"},"unit":{"@type":"Unit","@id":"20aadc24-a391-41cf-b340-3e4529f44bde","name":"kg"},"flowProperty":{"@type":"FlowProperty","@id":"93a60a56-a3c8-11da-a746-0800200b9a66","name":"Mass","category":"Technical flow properties"},"avoidedProduct":false,"input":false},{"@type":"Exchange","baseUncertainty":0.0,"amount":8.04951898871574E-11,"dqEntry":"USDA LCADC data quality \u003d (A,B,B,A,A,A,B,B)","internalId":7,"flow":{"@type":"Flow","@id":"8016cfd8-c95b-d175-f8ab-55c303e13068","name":"Benz(a)anthracene","flowType":"ELEMENTARY_FLOW","category":"Elementary flows - US EPA NONROAD emissions/air/low population density"},"unit":{"@type":"Unit","@id":"20aadc24-a391-41cf-b340-3e4529f44bde","name":"kg"},"flowProperty":{"@type":"FlowProperty","@id":"93a60a56-a3c8-11da-a746-0800200b9a66","name":"Mass","category":"Technical flow properties"},"avoidedProduct":false,"input":false},{"@type":"Exchange","baseUncertainty":0.0,"amount":2.33895388617027E-7,"dqEntry":"USDA LCADC data quality \u003d (A,B,B,A,A,A,B,B)","internalId":13,"flow":{"@type":"Flow","@id":"8a970585-5ce2-4226-b60d-df1c34649a56","name":"Butadiene","flowType":"ELEMENTARY_FLOW","category":"Elementary flows/Emission to air/low population density"},"unit":{"@type":"Unit","@id":"20aadc24-a391-41cf-b340-3e4529f44bde","name":"kg"},"flowProperty":{"@type":"FlowProperty","@id":"93a60a56-a3c8-11da-a746-0800200b9a66","name":"Mass","category":"Technical flow properties"},"avoidedProduct":false,"input":false},{"@type":"Exchange","baseUncertainty":0.0,"amount":2.55059251462623E-6,"dqEntry":"USDA LCADC data quality \u003d (A,B,B,A,A,A,B,B)","internalId":9,"flow":{"@type":"Flow","@id":"5e883a00-04e6-4d96-8dce-12d7117c6635","name":"Benzene","flowType":"ELEMENTARY_FLOW","category":"Elementary flows/Emission to air/low population density"},"unit":{"@type":"Unit","@id":"20aadc24-a391-41cf-b340-3e4529f44bde","name":"kg"},"flowProperty":{"@type":"FlowProperty","@id":"93a60a56-a3c8-11da-a746-0800200b9a66","name":"Mass","category":"Technical flow properties"},"avoidedProduct":false,"input":false},{"@type":"Exchange","baseUncertainty":0.0,"amount":6.25890184142917E-10,"dqEntry":"USDA LCADC data quality \u003d (A,B,B,A,B,A,B,B)","internalId":15,"flow":{"@type":"Flow","@id":"f6fc222a-e5ad-d750-d4e5-7aeec662ff31","name":"Mercury (particulate)","flowType":"ELEMENTARY_FLOW","category":"Elementary flows - US EPA NONROAD emissions/air/low population density"},"unit":{"@type":"Unit","@id":"20aadc24-a391-41cf-b340-3e4529f44bde","name":"kg"},"flowProperty":{"@type":"FlowProperty","@id":"93a60a56-a3c8-11da-a746-0800200b9a66","name":"Mass","category":"Technical flow properties"},"avoidedProduct":false,"input":false},{"@type":"Exchange","baseUncertainty":0.0,"amount":9.40781987989011E-12,"dqEntry":"USDA LCADC data quality \u003d (A,B,B,A,A,A,B,B)","internalId":54,"flow":{"@type":"Flow","@id":"9e2d403e-c4f9-0684-5e76-850a4ded8210","name":"Indeno(1,2,3,c,d)pyrene","flowType":"ELEMENTARY_FLOW","category":"Elementary flows - US EPA NONROAD emissions/air/low population density"},"unit":{"@type":"Unit","@id":"20aadc24-a391-41cf-b340-3e4529f44bde","name":"kg"},"flowProperty":{"@type":"FlowProperty","@id":"93a60a56-a3c8-11da-a746-0800200b9a66","name":"Mass","category":"Technical flow properties"},"avoidedProduct":false,"input":false},{"@type":"Exchange","baseUncertainty":0.0,"amount":1.29200539165728E-11,"dqEntry":"USDA LCADC data quality \u003d (A,B,B,A,A,A,B,B)","internalId":61,"flow":{"@type":"Flow","@id":"66ab92a1-a3b4-b45a-e987-74e71dc1d286","name":"1,2,3,6,7,8-Hexachlorodibenzofuran","flowType":"ELEMENTARY_FLOW","category":"Elementary flows - US EPA NONROAD emissions/air/low population density"},"unit":{"@type":"Unit","@id":"20aadc24-a391-41cf-b340-3e4529f44bde","name":"kg"},"flowProperty":{"@type":"FlowProperty","@id":"93a60a56-a3c8-11da-a746-0800200b9a66","name":"Mass","category":"Technical flow properties"},"avoidedProduct":false,"input":false},{"@type":"Exchange","baseUncertainty":0.0,"amount":0.00148220396094571,"dqEntry":"USDA LCADC data quality \u003d (A,B,B,A,B,A,B,B)","internalId":77,"flow":{"@type":"Flow","@id":"77357947-ccc5-438e-9996-95e65e1e1bce","name":"Nitrogen oxides","flowType":"ELEMENTARY_FLOW","category":"Elementary flows/Emission to air/low population density"},"unit":{"@type":"Unit","@id":"20aadc24-a391-41cf-b340-3e4529f44bde","name":"kg"},"flowProperty":{"@type":"FlowProperty","@id":"93a60a56-a3c8-11da-a746-0800200b9a66","name":"Mass","category":"Technical flow properties"},"avoidedProduct":false,"input":false},{"@type":"Exchange","baseUncertainty":0.0,"amount":2.12576660985332E-5,"dqEntry":"USDA LCADC data quality \u003d (A,B,B,A,A,A,B,B)","internalId":8,"flow":{"@type":"Flow","@id":"decb54f7-44d2-7db6-7db5-82b2918a09f2","name":"CUTOFF gasoline; for offroad use; at refinery; RVP8, S%0.034, EtOH m%0.93b%0.095","flowType":"PRODUCT_FLOW","category":"Manufacturing/ISIC 1920: Manufacture of refined petroleum products"},"unit":{"@type":"Unit","@id":"20aadc24-a391-41cf-b340-3e4529f44bde","name":"kg"},"flowProperty":{"@type":"FlowProperty","@id":"93a60a56-a3c8-11da-a746-0800200b9a66","name":"Mass","category":"Technical flow properties"},"avoidedProduct":false,"input":true},{"@type":"Exchange","baseUncertainty":0.0,"amount":8.96486687973876E-12,"dqEntry":"USDA LCADC data quality \u003d (A,B,B,A,A,A,B,B)","internalId":46,"flow":{"@type":"Flow","@id":"3e489c84-63e9-ae6d-1c7a-050fd36424b9","name":"1,2,3,4,7,8-Hexachlorodibenzo-p-Dioxin","flowType":"ELEMENTARY_FLOW","category":"Elementary flows - US EPA NONROAD emissions/air/low population density"},"unit":{"@type":"Unit","@id":"20aadc24-a391-41cf-b340-3e4529f44bde","name":"kg"},"flowProperty":{"@type":"FlowProperty","@id":"93a60a56-a3c8-11da-a746-0800200b9a66","name":"Mass","category":"Technical flow properties"},"avoidedProduct":false,"input":false},{"@type":"Exchange","baseUncertainty":0.0,"amount":4.01440383370274E-11,"dqEntry":"USDA LCADC data quality \u003d (A,B,B,A,A,A,B,B)","internalId":3,"flow":{"@type":"Flow","@id":"e59c311b-ded2-4673-900a-c9e4a37fb9d7","name":"Benzo(k)fluoranthene","flowType":"ELEMENTARY_FLOW","category":"Elementary flows - US EPA NONROAD emissions/air/low population density"},"unit":{"@type":"Unit","@id":"20aadc24-a391-41cf-b340-3e4529f44bde","name":"kg"},"flowProperty":{"@type":"FlowProperty","@id":"93a60a56-a3c8-11da-a746-0800200b9a66","name":"Mass","category":"Technical flow properties"},"avoidedProduct":false,"input":false},{"@type":"Exchange","baseUncertainty":0.0,"amount":0.00162494072565489,"dqEntry":"USDA LCADC data quality \u003d (A,B,B,A,A,A,B,B)","internalId":20,"flow":{"@type":"Flow","@id":"0f440cc0-0f74-446d-99d6-8ff0e97a2444","name":"Ammonia","flowType":"ELEMENTARY_FLOW","category":"Elementary flows/Emission to air/low population density"},"unit":{"@type":"Unit","@id":"20aadc24-a391-41cf-b340-3e4529f44bde","name":"kg"},"flowProperty":{"@type":"FlowProperty","@id":"93a60a56-a3c8-11da-a746-0800200b9a66","name":"Mass","category":"Technical flow properties"},"avoidedProduct":false,"input":false},{"@type":"Exchange","baseUncertainty":0.0,"amount":7.44523794535972E-8,"dqEntry":"USDA LCADC data quality \u003d (A,B,B,A,A,A,B,B)","internalId":51,"flow":{"@type":"Flow","@id":"2d456fb8-592b-46a7-97f0-81fc2a18e587","name":"Styrene","flowType":"ELEMENTARY_FLOW","category":"Elementary flows/Emission to air/low population density"},"unit":{"@type":"Unit","@id":"20aadc24-a391-41cf-b340-3e4529f44bde","name":"kg"},"flowProperty":{"@type":"FlowProperty","@id":"93a60a56-a3c8-11da-a746-0800200b9a66","name":"Mass","category":"Technical flow properties"},"avoidedProduct":false,"input":false},{"@type":"Exchange","baseUncertainty":0.0,"amount":5.39236313675665E-11,"dqEntry":"USDA LCADC data quality \u003d (A,B,B,A,A,A,B,B)","internalId":44,"flow":{"@type":"Flow","@id":"df9d4dca-655b-460f-83b3-ee98efb35036","name":"Anthracene","flowType":"ELEMENTARY_FLOW","category":"Elementary flows/Emission to air/low population density"},"unit":{"@type":"Unit","@id":"20aadc24-a391-41cf-b340-3e4529f44bde","name":"kg"},"flowProperty":{"@type":"FlowProperty","@id":"93a60a56-a3c8-11da-a746-0800200b9a66","name":"Mass","category":"Technical flow properties"},"avoidedProduct":false,"input":false},{"@type":"Exchange","baseUncertainty":0.0,"amount":5.2321801207417E-8,"dqEntry":"USDA LCADC data quality \u003d (A,B,B,A,A,A,B,B)","internalId":65,"flow":{"@type":"Flow","@id":"160cc5f4-4d25-43c3-9662-a62221505ec1","name":"Naphthalene","flowType":"ELEMENTARY_FLOW","category":"Elementary flows/Emission to air/low population density"},"unit":{"@type":"Unit","@id":"20aadc24-a391-41cf-b340-3e4529f44bde","name":"kg"},"flowProperty":{"@type":"FlowProperty","@id":"93a60a56-a3c8-11da-a746-0800200b9a66","name":"Mass","category":"Technical flow properties"},"avoidedProduct":false,"input":false},{"@type":"Exchange","baseUncertainty":0.0,"amount":8.08810855147342E-7,"dqEntry":"USDA LCADC data quality \u003d (A,B,B,A,A,A,B,B)","internalId":72,"flow":{"@type":"Flow","@id":"a58f26b8-d1e1-dc41-d842-5c3d619cb558","name":"CUTOFF equ. retirement; ag. tractors; 100-175HP","flowType":"PRODUCT_FLOW","category":"Water supply; sewerage, waste management and remediation activities/ISIC 3820: Waste treatment and disposal"},"unit":{"@type":"Unit","@id":"6dabe201-aaac-4509-92f0-d00c26cb72ab","name":"Item(s)"},"flowProperty":{"@type":"FlowProperty","@id":"01846770-4cfe-4a25-8ad9-919d8d378345","name":"Number of items","category":"Technical flow properties"},"avoidedProduct":false,"input":true},{"@type":"Exchange","baseUncertainty":0.0,"amount":1.12498412217037E-8,"dqEntry":"USDA LCADC data quality \u003d (A,B,B,A,A,A,B,B)","internalId":49,"flow":{"@type":"Flow","@id":"922a7ccf-3338-43ad-bd7e-77d51df051ab","name":"Acenaphthene","flowType":"ELEMENTARY_FLOW","category":"Elementary flows/Emission to air/low population density"},"unit":{"@type":"Unit","@id":"20aadc24-a391-41cf-b340-3e4529f44bde","name":"kg"},"flowProperty":{"@type":"FlowProperty","@id":"93a60a56-a3c8-11da-a746-0800200b9a66","name":"Mass","category":"Technical flow properties"},"avoidedProduct":false,"input":false},{"@type":"Exchange","baseUncertainty":0.0,"amount":3.7939443704111E-7,"dqEntry":"USDA LCADC data quality \u003d (A,B,B,A,A,A,B,B)","internalId":19,"flow":{"@type":"Flow","@id":"12840cef-c3b8-4ef2-b7d4-3a73dbd6a280","name":"Acrolein","flowType":"ELEMENTARY_FLOW","category":"Elementary flows/Emission to air/low population density"},"unit":{"@type":"Unit","@id":"20aadc24-a391-41cf-b340-3e4529f44bde","name":"kg"},"flowProperty":{"@type":"FlowProperty","@id":"93a60a56-a3c8-11da-a746-0800200b9a66","name":"Mass","category":"Technical flow properties"},"avoidedProduct":false,"input":false},{"@type":"Exchange","baseUncertainty":0.0,"amount":0.198737440080285,"dqEntry":"USDA LCADC data quality \u003d (A,B,B,A,A,A,B,B)","internalId":47,"flow":{"@type":"Flow","@id":"aa7cac3a-3625-41d4-bc54-33e2cf11ec46","name":"Carbon dioxide, fossil","flowType":"ELEMENTARY_FLOW","category":"Elementary flows/Emission to air/low population density"},"unit":{"@type":"Unit","@id":"20aadc24-a391-41cf-b340-3e4529f44bde","name":"kg"},"flowProperty":{"@type":"FlowProperty","@id":"93a60a56-a3c8-11da-a746-0800200b9a66","name":"Mass","category":"Technical flow properties"},"avoidedProduct":false,"input":false},{"@type":"Exchange","baseUncertainty":0.0,"amount":1.87208408208425E-11,"dqEntry":"USDA LCADC data quality \u003d (A,B,B,A,A,A,B,B)","internalId":28,"flow":{"@type":"Flow","@id":"ddaa836b-861d-f4e8-9454-499fbe78ae6b","name":"2,3,4,6,7,8-Hexachlorodibenzofuran","flowType":"ELEMENTARY_FLOW","category":"Elementary flows - US EPA NONROAD emissions/air/low population density"},"unit":{"@type":"Unit","@id":"20aadc24-a391-41cf-b340-3e4529f44bde","name":"kg"},"flowProperty":{"@type":"FlowProperty","@id":"93a60a56-a3c8-11da-a746-0800200b9a66","name":"Mass","category":"Technical flow properties"},"avoidedProduct":false,"input":false},{"@type":"Exchange","baseUncertainty":0.0,"amount":3.26106672569578E-13,"dqEntry":"USDA LCADC data quality \u003d (A,B,B,A,A,A,B,B)","internalId":57,"flow":{"@type":"Flow","@id":"966cf136-e54a-552f-6a71-aad3cf7b5909","name":"Dibenzo(a,h)anthracene","flowType":"ELEMENTARY_FLOW","category":"Elementary flows - US EPA NONROAD emissions/air/low population density"},"unit":{"@type":"Unit","@id":"20aadc24-a391-41cf-b340-3e4529f44bde","name":"kg"},"flowProperty":{"@type":"FlowProperty","@id":"93a60a56-a3c8-11da-a746-0800200b9a66","name":"Mass","category":"Technical flow properties"},"avoidedProduct":false,"input":false},{"@type":"Exchange","baseUncertainty":0.0,"amount":6.69600566472754E-11,"dqEntry":"USDA LCADC data quality \u003d (A,B,B,A,A,A,B,B)","internalId":55,"flow":{"@type":"Flow","@id":"c3bf8b34-f3da-70a9-97ae-0359facc2149","name":"Octachlorodibenzofuran","flowType":"ELEMENTARY_FLOW","category":"Elementary flows - US EPA NONROAD emissions/air/low population density"},"unit":{"@type":"Unit","@id":"20aadc24-a391-41cf-b340-3e4529f44bde","name":"kg"},"flowProperty":{"@type":"FlowProperty","@id":"93a60a56-a3c8-11da-a746-0800200b9a66","name":"Mass","category":"Technical flow properties"},"avoidedProduct":false,"input":false},{"@type":"Exchange","baseUncertainty":0.0,"amount":0.0626594238057156,"dqEntry":"USDA LCADC data quality \u003d (A,B,B,A,A,A,B,B)","internalId":32,"flow":{"@type":"Flow","@id":"644232e9-f932-1c55-7269-58bdc5eaad64","name":"CUTOFF diesel; for offroad use; at refinery, S%0.002","flowType":"PRODUCT_FLOW","category":"Manufacturing/ISIC 1920: Manufacture of refined petroleum products"},"unit":{"@type":"Unit","@id":"20aadc24-a391-41cf-b340-3e4529f44bde","name":"kg"},"flowProperty":{"@type":"FlowProperty","@id":"93a60a56-a3c8-11da-a746-0800200b9a66","name":"Mass","category":"Technical flow properties"},"avoidedProduct":false,"input":true},{"@type":"Exchange","baseUncertainty":0.0,"amount":0.00464065034832714,"dqEntry":"USDA LCADC data quality \u003d (A,B,B,A,A,A,B,B)","internalId":26,"flow":{"@type":"Flow","@id":"69567abd-c3fe-5f24-8378-6cf05c386fd8","name":"CUTOFF local area trucking; class 6, average fuel","flowType":"PRODUCT_FLOW","category":"Transportation and storage/ISIC 4923: Freight transport by road"},"unit":{"@type":"Unit","@id":"0dea4ed8-bb6b-4049-b2b4-b2c413ef2180","name":"t*km"},"flowProperty":{"@type":"FlowProperty","@id":"838aaa20-0117-11db-92e3-0800200c9a66","name":"Goods transport (mass*distance)","category":"Technical flow properties"},"avoidedProduct":false,"input":true},{"@type":"Exchange","baseUncertainty":0.0,"amount":4.00129822578304E-11,"dqEntry":"USDA LCADC data quality \u003d (A,B,B,A,A,A,B,B)","internalId":35,"flow":{"@type":"Flow","@id":"81c4ba39-8a3f-4a43-97b4-401605bbebf5","name":"Benzo(a)pyrene","flowType":"ELEMENTARY_FLOW","category":"Elementary flows/Emission to air/low population density"},"unit":{"@type":"Unit","@id":"20aadc24-a391-41cf-b340-3e4529f44bde","name":"kg"},"flowProperty":{"@type":"FlowProperty","@id":"93a60a56-a3c8-11da-a746-0800200b9a66","name":"Mass","category":"Technical flow properties"},"avoidedProduct":false,"input":false},{"@type":"Exchange","baseUncertainty":0.0,"amount":3.89839314268854E-7,"dqEntry":"USDA LCADC data quality \u003d (A,B,B,A,A,A,B,B)","internalId":70,"flow":{"@type":"Flow","@id":"e0e605c8-370b-4b5a-b6d4-2e7a5a1a6709","name":"Benzene, ethyl-","flowType":"ELEMENTARY_FLOW","category":"Elementary flows/Emission to air/low population density"},"unit":{"@type":"Unit","@id":"20aadc24-a391-41cf-b340-3e4529f44bde","name":"kg"},"flowProperty":{"@type":"FlowProperty","@id":"93a60a56-a3c8-11da-a746-0800200b9a66","name":"Mass","category":"Technical flow properties"},"avoidedProduct":false,"input":false},{"@type":"Exchange","baseUncertainty":0.0,"amount":1.30255487350408E-4,"dqEntry":"USDA LCADC data quality \u003d (A,B,B,A,A,A,B,B)","internalId":71,"flow":{"@type":"Flow","@id":"85981847-6749-7490-ce21-e063247f02a2","name":"CUTOFF lubricating oil; for use in agricultural equipment; at refinery","flowType":"PRODUCT_FLOW","category":"Manufacturing/ISIC 1920: Manufacture of refined petroleum products"},"unit":{"@type":"Unit","@id":"20aadc24-a391-41cf-b340-3e4529f44bde","name":"kg"},"flowProperty":{"@type":"FlowProperty","@id":"93a60a56-a3c8-11da-a746-0800200b9a66","name":"Mass","category":"Technical flow properties"},"avoidedProduct":false,"input":true},{"@type":"Exchange","baseUncertainty":0.0,"amount":1.90067143326134E-11,"dqEntry":"USDA LCADC data quality \u003d (A,B,B,A,A,A,B,B)","internalId":69,"flow":{"@type":"Flow","@id":"5ed841be-f0ef-39b6-d2c3-fd67ae62bbc8","name":"2,3,7,8-Tetrachlorodibenzofuran","flowType":"ELEMENTARY_FLOW","category":"Elementary flows - US EPA NONROAD emissions/air/low population density"},"unit":{"@type":"Unit","@id":"20aadc24-a391-41cf-b340-3e4529f44bde","name":"kg"},"flowProperty":{"@type":"FlowProperty","@id":"93a60a56-a3c8-11da-a746-0800200b9a66","name":"Mass","category":"Technical flow properties"},"avoidedProduct":false,"input":false},{"@type":"Exchange","baseUncertainty":0.0,"amount":1.67871924179055E-11,"dqEntry":"USDA LCADC data quality \u003d (A,B,B,A,A,A,B,B)","internalId":27,"flow":{"@type":"Flow","@id":"10263be9-fd27-a9c6-11e3-9c37f0a275f6","name":"2,3,4,7,8-Pentachlorodibenzofuran","flowType":"ELEMENTARY_FLOW","category":"Elementary flows - US EPA NONROAD emissions/air/low population density"},"unit":{"@type":"Unit","@id":"20aadc24-a391-41cf-b340-3e4529f44bde","name":"kg"},"flowProperty":{"@type":"FlowProperty","@id":"93a60a56-a3c8-11da-a746-0800200b9a66","name":"Mass","category":"Technical flow properties"},"avoidedProduct":false,"input":false},{"@type":"Exchange","baseUncertainty":0.0,"amount":2.92537940765719E-8,"dqEntry":"USDA LCADC data quality \u003d (A,B,B,A,A,A,B,B)","internalId":2,"flow":{"@type":"Flow","@id":"c7b704e6-0ad7-458a-bdd5-edc4c91dd631","name":"Phenanthrene","flowType":"ELEMENTARY_FLOW","category":"Elementary flows/Emission to air/low population density"},"unit":{"@type":"Unit","@id":"20aadc24-a391-41cf-b340-3e4529f44bde","name":"kg"},"flowProperty":{"@type":"FlowProperty","@id":"93a60a56-a3c8-11da-a746-0800200b9a66","name":"Mass","category":"Technical flow properties"},"avoidedProduct":false,"input":false},{"@type":"Exchange","baseUncertainty":0.0,"amount":7.58074829013088E-12,"dqEntry":"USDA LCADC data quality \u003d (A,B,B,A,A,A,B,B)","internalId":29,"flow":{"@type":"Flow","@id":"7999fa72-f08c-bef4-4a15-70ce2fc1e9df","name":"1,2,3,7,8-Pentachlorodibenzofuran","flowType":"ELEMENTARY_FLOW","category":"Elementary flows - US EPA NONROAD emissions/air/low population density"},"unit":{"@type":"Unit","@id":"20aadc24-a391-41cf-b340-3e4529f44bde","name":"kg"},"flowProperty":{"@type":"FlowProperty","@id":"93a60a56-a3c8-11da-a746-0800200b9a66","name":"Mass","category":"Technical flow properties"},"avoidedProduct":false,"input":false},{"@type":"Exchange","baseUncertainty":0.0,"amount":2.14311376217433E-10,"dqEntry":"USDA LCADC data quality \u003d (A,B,B,A,A,A,B,B)","internalId":11,"flow":{"@type":"Flow","@id":"621d5583-dca8-4acc-add7-316f8fca9ebc","name":"Chrysene","flowType":"ELEMENTARY_FLOW","category":"Elementary flows/Emission to air/low population density"},"unit":{"@type":"Unit","@id":"20aadc24-a391-41cf-b340-3e4529f44bde","name":"kg"},"flowProperty":{"@type":"FlowProperty","@id":"93a60a56-a3c8-11da-a746-0800200b9a66","name":"Mass","category":"Technical flow properties"},"avoidedProduct":false,"input":false},{"@type":"Exchange","baseUncertainty":0.0,"amount":1.91209321528933E-6,"dqEntry":"USDA LCADC data quality \u003d (A,B,B,A,A,A,B,B)","internalId":78,"flow":{"@type":"Flow","@id":"70ef743b-3ed5-4a6d-b192-fb6d62378555","name":"Methane, fossil","flowType":"ELEMENTARY_FLOW","category":"Elementary flows/Emission to air/low population density"},"unit":{"@type":"Unit","@id":"20aadc24-a391-41cf-b340-3e4529f44bde","name":"kg"},"flowProperty":{"@type":"FlowProperty","@id":"93a60a56-a3c8-11da-a746-0800200b9a66","name":"Mass","category":"Technical flow properties"},"avoidedProduct":false,"input":false},{"@type":"Exchange","baseUncertainty":0.0,"amount":5.10457160623484E-7,"dqEntry":"USDA LCADC data quality \u003d (A,B,B,A,A,A,B,B)","internalId":10,"flow":{"@type":"Flow","@id":"2460f868-54a9-404c-bec8-c809a44ae72c","name":"Manganese","flowType":"ELEMENTARY_FLOW","category":"Elementary flows/Emission to air/low population density"},"unit":{"@type":"Unit","@id":"20aadc24-a391-41cf-b340-3e4529f44bde","name":"kg"},"flowProperty":{"@type":"FlowProperty","@id":"93a60a56-a3c8-11da-a746-0800200b9a66","name":"Mass","category":"Technical flow properties"},"avoidedProduct":false,"input":false},{"@type":"Exchange","baseUncertainty":0.0,"amount":1.46031647870373E-5,"dqEntry":"USDA LCADC data quality \u003d (A,B,B,A,A,A,B,B)","internalId":76,"flow":{"@type":"Flow","@id":"bf1fc9c6-ec9f-be53-4478-9c2f6c14cf6d","name":"CUTOFF storage; of farm equipment; at farm","flowType":"PRODUCT_FLOW","category":"Agriculture, forestry and fishing/ISIC 0161: Support activities for crop production"},"unit":{"@type":"Unit","@id":"3ce61faa-5716-41c1-aef6-b5920054acc9","name":"m2"},"flowProperty":{"@type":"FlowProperty","@id":"93a60a56-a3c8-19da-a746-0800200c9a66","name":"Area","category":"Technical flow properties"},"avoidedProduct":false,"input":true},{"@type":"Exchange","baseUncertainty":0.0,"amount":2.34389475702057E-6,"dqEntry":"USDA LCADC data quality \u003d (A,B,B,A,A,A,B,B)","internalId":21,"flow":{"@type":"Flow","@id":"78c3efe4-421c-4d30-82e4-b97ac5124993","name":"Sulfur dioxide","flowType":"ELEMENTARY_FLOW","category":"Elementary flows/Emission to air/low population density"},"unit":{"@type":"Unit","@id":"20aadc24-a391-41cf-b340-3e4529f44bde","name":"kg"},"flowProperty":{"@type":"FlowProperty","@id":"93a60a56-a3c8-11da-a746-0800200b9a66","name":"Mass","category":"Technical flow properties"},"avoidedProduct":false,"input":false},{"@type":"Exchange","baseUncertainty":0.0,"amount":5.54681664854074E-4,"dqEntry":"USDA LCADC data quality \u003d (A,B,B,A,A,A,B,B)","internalId":50,"flow":{"@type":"Flow","@id":"099b36ab-4c03-4587-87f4-2f81e337afb8","name":"Carbon monoxide, fossil","flowType":"ELEMENTARY_FLOW","category":"Elementary flows/Emission to air/low population density"},"unit":{"@type":"Unit","@id":"20aadc24-a391-41cf-b340-3e4529f44bde","name":"kg"},"flowProperty":{"@type":"FlowProperty","@id":"93a60a56-a3c8-11da-a746-0800200b9a66","name":"Mass","category":"Technical flow properties"},"avoidedProduct":false,"input":false},{"@type":"Exchange","baseUncertainty":0.0,"amount":2.83447779369991E-11,"dqEntry":"USDA LCADC data quality \u003d (A,B,B,A,A,A,B,B)","internalId":22,"flow":{"@type":"Flow","@id":"dd8e67f7-4774-fbd3-78e3-7788034db940","name":"1,2,3,4,7,8-Hexachlorodibenzofuran","flowType":"ELEMENTARY_FLOW","category":"Elementary flows - US EPA NONROAD emissions/air/low population density"},"unit":{"@type":"Unit","@id":"20aadc24-a391-41cf-b340-3e4529f44bde","name":"kg"},"flowProperty":{"@type":"FlowProperty","@id":"93a60a56-a3c8-11da-a746-0800200b9a66","name":"Mass","category":"Technical flow properties"},"avoidedProduct":false,"input":false},{"@type":"Exchange","baseUncertainty":0.0,"amount":6.67972087477818E-12,"dqEntry":"USDA LCADC data quality \u003d (A,B,B,A,A,A,B,B)","internalId":63,"flow":{"@type":"Flow","@id":"3b249c89-6168-d6d6-546b-22856e7838f0","name":"1,2,3,4,7,8,9-Heptachlorodibenzofuran","flowType":"ELEMENTARY_FLOW","category":"Elementary flows - US EPA NONROAD emissions/air/low population density"},"unit":{"@type":"Unit","@id":"20aadc24-a391-41cf-b340-3e4529f44bde","name":"kg"},"flowProperty":{"@type":"FlowProperty","@id":"93a60a56-a3c8-11da-a746-0800200b9a66","name":"Mass","category":"Technical flow properties"},"avoidedProduct":false,"input":false},{"@type":"Exchange","baseUncertainty":0.0,"amount":7.53672258324806E-12,"dqEntry":"USDA LCADC data quality \u003d (A,B,B,A,B,A,B,B)","internalId":39,"flow":{"@type":"Flow","@id":"f77c5e36-ee47-4437-b757-03139bb1d6d6","name":"Dioxins, measured as 2,3,7,8-tetrachlorodibenzo-p-dioxin","flowType":"ELEMENTARY_FLOW","category":"Elementary flows/Emission to air/low population density"},"unit":{"@type":"Unit","@id":"20aadc24-a391-41cf-b340-3e4529f44bde","name":"kg"},"flowProperty":{"@type":"FlowProperty","@id":"93a60a56-a3c8-11da-a746-0800200b9a66","name":"Mass","category":"Technical flow properties"},"avoidedProduct":false,"input":false},{"@type":"Exchange","baseUncertainty":0.0,"amount":1.2139622436968E-9,"dqEntry":"USDA LCADC data quality \u003d (A,B,B,A,A,A,B,B)","internalId":12,"flow":{"@type":"Flow","@id":"e4edf70e-251e-def6-d5c7-b1bdcfefa4f5","name":"Mercury (divalent gaseous)","flowType":"ELEMENTARY_FLOW","category":"Elementary flows - US EPA NONROAD emissions/air/low population density"},"unit":{"@type":"Unit","@id":"20aadc24-a391-41cf-b340-3e4529f44bde","name":"kg"},"flowProperty":{"@type":"FlowProperty","@id":"93a60a56-a3c8-11da-a746-0800200b9a66","name":"Mass","category":"Technical flow properties"},"avoidedProduct":false,"input":false},{"@type":"Exchange","baseUncertainty":0.0,"amount":1.87984047564157E-6,"dqEntry":"USDA LCADC data quality \u003d (A,B,B,A,A,A,B,B)","internalId":43,"flow":{"@type":"Flow","@id":"77f17646-cede-4a49-99dd-55950098b077","name":"Toluene","flowType":"ELEMENTARY_FLOW","category":"Elementary flows/Emission to air/low population density"},"unit":{"@type":"Unit","@id":"20aadc24-a391-41cf-b340-3e4529f44bde","name":"kg"},"flowProperty":{"@type":"FlowProperty","@id":"93a60a56-a3c8-11da-a746-0800200b9a66","name":"Mass","category":"Technical flow properties"},"avoidedProduct":false,"input":false},{"@type":"Exchange","baseUncertainty":0.0,"amount":1.47853248407593E-5,"dqEntry":"USDA LCADC data quality \u003d (A,B,B,A,A,A,B,B)","internalId":48,"flow":{"@type":"Flow","@id":"9167dca7-615e-435c-8ba6-dbbf50e50e34","name":"Formaldehyde","flowType":"ELEMENTARY_FLOW","category":"Elementary flows/Emission to air/low population density"},"unit":{"@type":"Unit","@id":"20aadc24-a391-41cf-b340-3e4529f44bde","name":"kg"},"flowProperty":{"@type":"FlowProperty","@id":"93a60a56-a3c8-11da-a746-0800200b9a66","name":"Mass","category":"Technical flow properties"},"avoidedProduct":false,"input":false},{"@type":"Exchange","baseUncertainty":0.0,"amount":5.86687151682413E-11,"dqEntry":"USDA LCADC data quality \u003d (A,B,B,A,A,A,B,B)","internalId":38,"flow":{"@type":"Flow","@id":"c5d33ced-3c33-606d-b265-f1e2f7959f40","name":"1,2,3,4,6,7,8-Heptachlorodibenzofuran","flowType":"ELEMENTARY_FLOW","category":"Elementary flows - US EPA NONROAD emissions/air/low population density"},"unit":{"@type":"Unit","@id":"20aadc24-a391-41cf-b340-3e4529f44bde","name":"kg"},"flowProperty":{"@type":"FlowProperty","@id":"93a60a56-a3c8-11da-a746-0800200b9a66","name":"Mass","category":"Technical flow properties"},"avoidedProduct":false,"input":false},{"@type":"Exchange","baseUncertainty":0.0,"amount":1.17045930353386E-4,"dqEntry":"USDA LCADC data quality \u003d (A,B,B,A,B,A,B,B)","internalId":16,"flow":{"@type":"Flow","@id":"e0efc2e4-46f7-bf77-832f-0a34a756c51c","name":"Non-Methane Hydrocarbons","flowType":"ELEMENTARY_FLOW","category":"Elementary flows - US EPA NONROAD emissions/air/low population density"},"unit":{"@type":"Unit","@id":"20aadc24-a391-41cf-b340-3e4529f44bde","name":"kg"},"flowProperty":{"@type":"FlowProperty","@id":"93a60a56-a3c8-11da-a746-0800200b9a66","name":"Mass","category":"Technical flow properties"},"avoidedProduct":false,"input":false},{"@type":"Exchange","baseUncertainty":0.0,"amount":1.0908308802533E-4,"dqEntry":"USDA LCADC data quality \u003d (A,B,B,A,B,A,B,B)","internalId":37,"flow":{"@type":"Flow","@id":"66f50b33-fd62-4fdd-a373-c5b0de7de00d","name":"Particulates, \u003c 2.5 um","flowType":"ELEMENTARY_FLOW","category":"Elementary flows/Emission to air/low population density"},"unit":{"@type":"Unit","@id":"20aadc24-a391-41cf-b340-3e4529f44bde","name":"kg"},"flowProperty":{"@type":"FlowProperty","@id":"93a60a56-a3c8-11da-a746-0800200b9a66","name":"Mass","category":"Technical flow properties"},"avoidedProduct":false,"input":false},{"@type":"Exchange","baseUncertainty":0.0,"amount":1.12549524087924E-8,"dqEntry":"USDA LCADC data quality \u003d (A,B,B,A,A,A,B,B)","internalId":40,"flow":{"@type":"Flow","@id":"8c524507-938a-4ab9-8430-105b2011dbae","name":"Fluorene","flowType":"ELEMENTARY_FLOW","category":"Elementary flows/Emission to air/low population density"},"unit":{"@type":"Unit","@id":"20aadc24-a391-41cf-b340-3e4529f44bde","name":"kg"},"flowProperty":{"@type":"FlowProperty","@id":"93a60a56-a3c8-11da-a746-0800200b9a66","name":"Mass","category":"Technical flow properties"},"avoidedProduct":false,"input":false},{"@type":"Exchange","baseUncertainty":0.0,"amount":4.37077263865935E-9,"dqEntry":"USDA LCADC data quality \u003d (A,B,B,A,B,A,B,B)","internalId":14,"flow":{"@type":"Flow","@id":"e292ceba-bc59-3365-fa27-12fdd3885874","name":"Arsenic \u0026 compounds","flowType":"ELEMENTARY_FLOW","category":"Elementary flows - US EPA NONROAD emissions/air/low population density"},"unit":{"@type":"Unit","@id":"20aadc24-a391-41cf-b340-3e4529f44bde","name":"kg"},"flowProperty":{"@type":"FlowProperty","@id":"93a60a56-a3c8-11da-a746-0800200b9a66","name":"Mass","category":"Technical flow properties"},"avoidedProduct":false,"input":false},{"@type":"Exchange","baseUncertainty":0.0,"amount":1.75781757139018E-11,"dqEntry":"USDA LCADC data quality \u003d (A,B,B,A,A,A,B,B)","internalId":17,"flow":{"@type":"Flow","@id":"37223b2f-2a32-01bb-81a9-eec81d3f4044","name":"1,2,3,6,7,8-Hexachlorodibenzo-p-Dioxin","flowType":"ELEMENTARY_FLOW","category":"Elementary flows - US EPA NONROAD emissions/air/low population density"},"unit":{"@type":"Unit","@id":"20aadc24-a391-41cf-b340-3e4529f44bde","name":"kg"},"flowProperty":{"@type":"FlowProperty","@id":"93a60a56-a3c8-11da-a746-0800200b9a66","name":"Mass","category":"Technical flow properties"},"avoidedProduct":false,"input":false}],"infrastructureProcess":false}