{"@context":"http://greendelta.github.io/olca-schema/context.jsonld","@type":"Flow","@id":"295c9740-6fdb-4676-9eb8-15e3786f713d","name":"Particulates, \u003e 2.5 um, and \u003c 10um","version":"00.00.002","lastChange":"2018-07-24T15:11:59.016-04:00","category":{"@type":"Category","@id":"52d41f57-0e7d-35cf-b4ea-7c9d6c2f9c28","name":"low population density","modelType":"FLOW","category":{"@type":"Category","@id":"1e66f9dc-6ace-3a22-b773-5a3895acb5f3","name":"Emission to air","modelType":"FLOW"}},"flowType":"ELEMENTARY_FLOW","formula":"PM10-PM2.5","flowProperties":[{"@type":"FlowPropertyFactor","flowProperty":{"@type":"FlowProperty","@id":"93a60a56-a3c8-11da-a746-0800200b9a66","name":"Mass","category":"Technical flow properties"},"conversionFactor":1.0,"referenceFlowProperty":true}],"infrastructureFlow":false}