{"@context":"http://greendelta.github.io/olca-schema/context.jsonld","@type":"Flow","@id":"2c3a0a84-bf70-2c2a-896a-2eba9aa3a5b3","name":"CUTOFF spare part set; ag. tractors; 100-175HP","version":"00.00.001","lastChange":"2018-07-24T15:11:25.992-04:00","category":{"@type":"Category","@id":"554ccc3f-a786-36ee-96d2-afaa375312fb","name":"ISIC 0161: Support activities for crop production","modelType":"FLOW","category":{"@type":"Category","@id":"51d73769-b63a-3018-ad45-818ff3ffcad6","name":"Agriculture, forestry and fishing","modelType":"FLOW"}},"flowType":"PRODUCT_FLOW","flowProperties":[{"@type":"FlowPropertyFactor","flowProperty":{"@type":"FlowProperty","@id":"01846770-4cfe-4a25-8ad9-919d8d378345","name":"Number of items","category":"Technical flow properties"},"conversionFactor":1.0,"referenceFlowProperty":true}],"infrastructureFlow":false}