{"@context":"http://greendelta.github.io/olca-schema/context.jsonld","@type":"Flow","@id":"644232e9-f932-1c55-7269-58bdc5eaad64","name":"CUTOFF diesel; for offroad use; at refinery, S%0.002","version":"00.00.001","lastChange":"2018-07-24T15:11:44.813-04:00","category":{"@type":"Category","@id":"51bccd10-2aca-38e5-9fa6-2fdbc40eac07","name":"ISIC 1920: Manufacture of refined petroleum products","modelType":"FLOW","category":{"@type":"Category","@id":"be89d578-d097-3db4-b9bd-5a3d37c2aeed","name":"Manufacturing","modelType":"FLOW"}},"flowType":"PRODUCT_FLOW","flowProperties":[{"@type":"FlowPropertyFactor","flowProperty":{"@type":"FlowProperty","@id":"93a60a56-a3c8-11da-a746-0800200b9a66","name":"Mass","category":"Technical flow properties"},"conversionFactor":1.0,"referenceFlowProperty":true}],"infrastructureFlow":false}