{"@context":"http://greendelta.github.io/olca-schema/context.jsonld","@type":"Flow","@id":"69567abd-c3fe-5f24-8378-6cf05c386fd8","name":"CUTOFF local area trucking; class 6, average fuel","version":"00.00.001","lastChange":"2018-07-24T15:11:22.578-04:00","category":{"@type":"Category","@id":"fcb6cfeb-f8d1-3afa-a52d-c6df023c663e","name":"ISIC 4923: Freight transport by road","modelType":"FLOW","category":{"@type":"Category","@id":"df24577a-d914-300c-944d-2c5ac20ef4a8","name":"Transportation and storage","modelType":"FLOW"}},"flowType":"PRODUCT_FLOW","flowProperties":[{"@type":"FlowPropertyFactor","flowProperty":{"@type":"FlowProperty","@id":"838aaa20-0117-11db-92e3-0800200c9a66","name":"Goods transport (mass*distance)","category":"Technical flow properties"},"conversionFactor":1.0,"referenceFlowProperty":true}],"infrastructureFlow":false}