{"@context":"http://greendelta.github.io/olca-schema/context.jsonld","@type":"Flow","@id":"a58f26b8-d1e1-dc41-d842-5c3d619cb558","name":"CUTOFF equ. retirement; ag. tractors; 100-175HP","version":"00.00.001","lastChange":"2018-07-24T15:11:44.122-04:00","category":{"@type":"Category","@id":"5abac52b-2c07-3080-98e0-ccd6178f6068","name":"ISIC 3820: Waste treatment and disposal","modelType":"FLOW","category":{"@type":"Category","@id":"eafb281f-90e6-32c3-b794-8285ad3ddee3","name":"Water supply; sewerage, waste management and remediation activities","modelType":"FLOW"}},"flowType":"PRODUCT_FLOW","flowProperties":[{"@type":"FlowPropertyFactor","flowProperty":{"@type":"FlowProperty","@id":"01846770-4cfe-4a25-8ad9-919d8d378345","name":"Number of items","category":"Technical flow properties"},"conversionFactor":1.0,"referenceFlowProperty":true}],"infrastructureFlow":false}