{"@context":"http://greendelta.github.io/olca-schema/context.jsonld","@type":"Flow","@id":"bf1fc9c6-ec9f-be53-4478-9c2f6c14cf6d","name":"CUTOFF storage; of farm equipment; at farm","version":"00.00.001","lastChange":"2018-07-24T15:11:23.996-04:00","category":{"@type":"Category","@id":"554ccc3f-a786-36ee-96d2-afaa375312fb","name":"ISIC 0161: Support activities for crop production","modelType":"FLOW","category":{"@type":"Category","@id":"51d73769-b63a-3018-ad45-818ff3ffcad6","name":"Agriculture, forestry and fishing","modelType":"FLOW"}},"flowType":"PRODUCT_FLOW","flowProperties":[{"@type":"FlowPropertyFactor","flowProperty":{"@type":"FlowProperty","@id":"93a60a56-a3c8-19da-a746-0800200c9a66","name":"Area","category":"Technical flow properties"},"conversionFactor":1.0,"referenceFlowProperty":true}],"infrastructureFlow":false}