{"@context":"http://greendelta.github.io/olca-schema/context.jsonld","@type":"Flow","@id":"d668bf42-fd37-3a11-9252-9b9b48d00c59","name":"1,2,3,7,8-Pentachlorodibenzo-p-Dioxin","description":"Source reference: US EPA NONROAD model. Accesible at http://www.epa.gov/otaq/nonrdmdl.htm","version":"00.00.001","lastChange":"2018-07-24T15:11:26.600-04:00","category":{"@type":"Category","@id":"a596dc46-6762-36be-9f29-e5f74d7fe7ad","name":"low population density","modelType":"FLOW","category":{"@type":"Category","@id":"e65da88c-ea28-3192-ae23-e4cc7609f2aa","name":"air","modelType":"FLOW"}},"flowType":"ELEMENTARY_FLOW","cas":"040321-76-4","formula":" C12H3Cl5O2","flowProperties":[{"@type":"FlowPropertyFactor","flowProperty":{"@type":"FlowProperty","@id":"93a60a56-a3c8-11da-a746-0800200b9a66","name":"Mass","category":"Technical flow properties"},"conversionFactor":1.0,"referenceFlowProperty":true}],"infrastructureFlow":false}