{"@context":"http://greendelta.github.io/olca-schema/context.jsonld","@type":"Flow","@id":"fc9f9a81-c4b9-4dce-bc20-9f04e05ca2f1","name":"Acetaldehyde","version":"00.00.002","lastChange":"2018-07-24T15:11:58.710-04:00","category":{"@type":"Category","@id":"52d41f57-0e7d-35cf-b4ea-7c9d6c2f9c28","name":"low population density","modelType":"FLOW","category":{"@type":"Category","@id":"1e66f9dc-6ace-3a22-b773-5a3895acb5f3","name":"Emission to air","modelType":"FLOW"}},"flowType":"ELEMENTARY_FLOW","cas":"000075-07-0","formula":"CH3CHO","flowProperties":[{"@type":"FlowPropertyFactor","flowProperty":{"@type":"FlowProperty","@id":"93a60a56-a3c8-11da-a746-0800200b9a66","name":"Mass","category":"Technical flow properties"},"conversionFactor":1.0,"referenceFlowProperty":true}],"infrastructureFlow":false}