{"@context":"http://greendelta.github.io/olca-schema/context.jsonld","@type":"Flow","@id":"fca10ec1-f0cf-37fb-b01e-07752f6119f1","name":"work; ag. tractors for growing win wheat, 2014 fleet, all fuels; 100-175HP","version":"00.00.001","lastChange":"2018-07-24T15:11:22.885-04:00","category":{"@type":"Category","@id":"554ccc3f-a786-36ee-96d2-afaa375312fb","name":"ISIC 0161: Support activities for crop production","modelType":"FLOW","category":{"@type":"Category","@id":"51d73769-b63a-3018-ad45-818ff3ffcad6","name":"Agriculture, forestry and fishing","modelType":"FLOW"}},"flowType":"PRODUCT_FLOW","flowProperties":[{"@type":"FlowPropertyFactor","flowProperty":{"@type":"FlowProperty","@id":"f6811440-ee37-11de-8a39-0800200c9a66","name":"Energy","category":"Technical flow properties"},"conversionFactor":1.0,"referenceFlowProperty":true}],"infrastructureFlow":false}