{"@context":"http://greendelta.github.io/olca-schema/context.jsonld","@type":"FlowProperty","@id":"01846770-4cfe-4a25-8ad9-919d8d378345","name":"Number of items","version":"00.00.001","lastChange":"2018-07-24T15:11:22.278-04:00","category":{"@type":"Category","@id":"87cfd36b-db77-3a88-8c0e-7102ce682690","name":"Technical flow properties","modelType":"FLOW_PROPERTY"},"flowPropertyType":"PHYSICAL_QUANTITY","unitGroup":{"@type":"UnitGroup","@id":"5beb6eed-33a9-47b8-9ede-1dfe8f679159","name":"Units of items","category":"Technical unit groups"}}