{"@context":"http://greendelta.github.io/olca-schema/context.jsonld","@type":"FlowProperty","@id":"93a60a56-a3c8-11da-a746-0800200b9a66","name":"Mass","version":"00.00.001","lastChange":"2018-07-24T15:11:22.341-04:00","category":{"@type":"Category","@id":"87cfd36b-db77-3a88-8c0e-7102ce682690","name":"Technical flow properties","modelType":"FLOW_PROPERTY"},"flowPropertyType":"PHYSICAL_QUANTITY","unitGroup":{"@type":"UnitGroup","@id":"93a60a57-a4c8-11da-a746-0800200c9a66","name":"Units of mass","category":"Technical unit groups"}}