{"@context":"http://greendelta.github.io/olca-schema/context.jsonld","@type":"FlowProperty","@id":"f6811440-ee37-11de-8a39-0800200c9a66","name":"Energy","version":"00.00.001","lastChange":"2018-07-24T15:11:22.415-04:00","category":{"@type":"Category","@id":"87cfd36b-db77-3a88-8c0e-7102ce682690","name":"Technical flow properties","modelType":"FLOW_PROPERTY"},"flowPropertyType":"PHYSICAL_QUANTITY","unitGroup":{"@type":"UnitGroup","@id":"93a60a57-a3c8-11da-a746-0800200c9a66","name":"Units of energy","category":"Technical unit groups"}}